CREATE TABLE DOCTOR(
    D_ID INT PRIMARY KEY,
    NAME VARCHAR2(29),
    SPECIALIZATION VARCHAR2(29)
)

CREATE TABLE PATIENT(
    P_ID INT PRIMARY KEY,
    NAME VARCHAR2(20),
    L_ID INT,
    FOREIGN KEY (L_ID) REFERENCES LOCATION(L_ID)
)

CREATE TABLE TREATS(
    D_ID INT,
    P_ID INT,
    TREATMENT_ID INT,
    TREATMENT_DATE DATE,
    PRIMARY KEY (D_ID, P_ID, TREATMENT_ID),
    FOREIGN KEY (D_ID) REFERENCES DOCTOR(D_ID),
    FOREIGN KEY (P_ID) REFERENCES PATIENT(P_ID)
)

CREATE TABLE LOCATION(
    L_ID INT PRIMARY KEY,
    ROOM_TYPE VARCHAR2(5),
    NAME VARCHAR2(29)
)

CREATE TABLE NURSE(
    N_ID INT,
    NAME VARCHAR2(20),
    SHIFT_DUTY VARCHAR2(20),
    D_ID INT,
    L_ID INT,
    PRIMARY KEY (N_ID, L_ID),
    FOREIGN KEY (D_ID) REFERENCES DOCTOR(D_ID),
    FOREIGN KEY (L_ID) REFERENCES LOCATION(L_ID)
);

SELECT C.TABLE_NAME, C.CONSTRAINT_NAME, C.CONSTRAINT_TYPE,COL.COLUMN_NAME
FROM USER_CONSTRAINTS C
JOIN USER_CONS_COLUMNS COL
ON C.CONSTRAINT_NAME = COL.CONSTRAINT_NAME
ORDER BY C.LAST_CHANGE DESC;

INSERT INTO DOCTOR VALUES (1, 'Dr. Sugu', 'Cardiology');
INSERT INTO DOCTOR VALUES (2, 'Dr. Mike', 'Neurology');
INSERT INTO DOCTOR VALUES (3, 'Dr. Mass', 'Orthopedics');

INSERT INTO PATIENT VALUES (101, 'Manan', 10);
INSERT INTO PATIENT VALUES (102, 'Prol', 20);
INSERT INTO PATIENT VALUES (103, 'Drif', 30);

INSERT INTO TREATS VALUES (1, 101, 1001, DATE '2026-01-10');
INSERT INTO TREATS VALUES (2, 102, 1002, DATE '2026-02-15');
INSERT INTO TREATS VALUES (3, 103, 1003, DATE '2026-03-20');
INSERT INTO TREATS VALUES (1, 102, 1004, DATE '2026-03-21');
INSERT INTO TREATS VALUES (2, 101, 1005, DATE '2026-04-01');
INSERT INTO TREATS VALUES (3, 102, 1006, DATE '2026-04-05');
INSERT INTO TREATS VALUES (1, 103, 1007, DATE '2026-04-10');
INSERT INTO TREATS VALUES (2, 103, 1008, DATE '2026-04-12');
INSERT INTO TREATS VALUES (1, 101, 1010, DATE '2026-04-18');
INSERT INTO TREATS VALUES (2, 102, 1011, DATE '2026-04-20');
INSERT INTO TREATS VALUES (3, 103, 1012, DATE '2026-04-22');
INSERT INTO TREATS VALUES (1, 103, 1013, DATE '2026-04-25');
INSERT INTO TREATS VALUES (2, 101, 1014, DATE '2026-04-28');

INSERT INTO LOCATION VALUES (10, 'ICU', 'Block A');
INSERT INTO LOCATION VALUES (20, 'GEN', 'Block B');
INSERT INTO LOCATION VALUES (30, 'OPD', 'Block C');

INSERT INTO NURSE VALUES (202, 'Costa', 'Night', 1, 10);
INSERT INTO NURSE VALUES (202, 'Costa', 'Night', 3, 30);
INSERT INTO NURSE VALUES (203, 'Bomba', 'Day', 1, 10);
INSERT INTO NURSE VALUES (203, 'Bomba', 'Day', 2, 20);
INSERT INTO NURSE VALUES (204, 'Riya', 'Day', 1, 10);
INSERT INTO NURSE VALUES (204, 'Riya', 'Day', 2, 20);
INSERT INTO NURSE VALUES (204, 'Riya', 'Day', 3, 30);
INSERT INTO NURSE VALUES (205, 'Arjun', 'Night', 1, 10);
INSERT INTO NURSE VALUES (205, 'Arjun', 'Night', 3, 30);
INSERT INTO NURSE VALUES (206, 'Neha', 'Day', 2, 20);
INSERT INTO NURSE VALUES (206, 'Neha', 'Day', 3, 30);

-- Patients treated by A and B but NOT C
SELECT P_ID FROM TREATS WHERE D_ID = 1
INTERSECT
SELECT P_ID FROM TREATS WHERE D_ID = 2
MINUS
SELECT P_ID FROM TREATS WHERE D_ID = 3;

SELECT P_ID FROM TREATS
WHERE D_ID IN (1, 2)
GROUP BY P_ID
HAVING COUNT(DISTINCT D_ID) = 2
MINUS
SELECT P_ID FROM TREATS
WHERE TREATS.D_ID IN (3)
GROUP BY P_ID;

-- Doctors who treated EVERY patient
SELECT D_ID FROM TREATS
GROUP BY D_ID
HAVING COUNT(DISTINCT P_ID) = (SELECT COUNT(*) FROM PATIENT);

-- Nurses who work in EVERY location
SELECT N_ID FROM NURSE
GROUP BY N_ID
HAVING COUNT(DISTINCT L_ID) = (SELECT COUNT(*) FROM LOCATION);

-- Number of patients assisted by each nurse for every doctor

SELECT N.N_ID, N.D_ID, COUNT(DISTINCT T.P_ID)
FROM NURSE N
JOIN TREATS T ON N.D_ID = T.D_ID
GROUP BY N.N_ID, N.D_ID;

--Count number of patients in each location

SELECT L_id, COUNT(*)
FROM PATIENT
GROUP BY L_ID;

--Doctor who treated maximum patients

SELECT D_ID, COUNT(DISTINCT P_ID)
FROM TREATS
GROUP BY D_ID
HAVING COUNT(DISTINCT P_ID) = (
    SELECT MAX(cnt)
    FROM (
        SELECT COUNT(DISTINCT P_ID) AS cnt
        FROM TREATS
        GROUP BY D_ID
    )
);

-- Patients not treated at all
SELECT P_id
FROM PATIENT P
WHERE NOT EXISTS (
    SELECT * FROM TREATS T
    WHERE T.P_id = P.P_id
);


-- Nurses who work in every single room type
SELECT N.N_ID FROM NURSE N
INNER JOIN LOCATION L ON
N.L_ID = L.L_ID
GROUP BY N.N_ID
HAVING COUNT(DISTINCT L.ROOM_TYPE) = (SELECT COUNT(DISTINCT(ROOM_TYPE)) FROM LOCATION);