CREATE TABLE STUDENT(
    S_ID INT PRIMARY KEY,
    NAME VARCHAR2(20),
    DEPT VARCHAR2(10)
);

CREATE TABLE COURSE(
    C_ID INT PRIMARY KEY,
    TITLE VARCHAR2(20)
);

CREATE TABLE ENROLL(
    S_ID INT,
    C_ID INT,
    MARKS INT,
    PRIMARY KEY (S_ID, C_ID),
    FOREIGN KEY (S_ID) REFERENCES STUDENT(S_ID),
    FOREIGN KEY (C_ID) REFERENCES COURSE(C_ID)
);

CREATE TABLE PROFESSOR(
    P_ID INT PRIMARY KEY,
    NAME VARCHAR2(29)
);

CREATE TABLE TEACHES(
    P_ID INT,
    C_ID INT,
    PRIMARY KEY (P_ID, C_ID),
    FOREIGN KEY (P_ID) REFERENCES PROFESSOR(P_ID),
    FOREIGN KEY (C_ID) REFERENCES COURSE(C_ID)
);

INSERT INTO STUDENT VALUES (1, 'Riley', 'CSE');
INSERT INTO STUDENT VALUES (2, 'Aman', 'ECE');
INSERT INTO STUDENT VALUES (3, 'Neha', 'CSE');
INSERT INTO STUDENT VALUES (4, 'Rahul', 'MECH');
INSERT INTO STUDENT VALUES (5, 'Priya', 'CSE');
INSERT INTO STUDENT VALUES (6, 'Karan', 'ECE');
INSERT INTO STUDENT VALUES (7, 'Sneha', 'CIVIL');
INSERT INTO STUDENT VALUES (8, 'Arjun', 'CSE');
INSERT INTO STUDENT VALUES (9, 'Meera', 'ECE');
INSERT INTO STUDENT VALUES (10, 'Rohit', 'MECH');
INSERT INTO STUDENT VALUES (11, 'ROBI', 'CSE');

INSERT INTO COURSE VALUES (101, 'DBMS');
INSERT INTO COURSE VALUES (102, 'OS');
INSERT INTO COURSE VALUES (103, 'CN');
INSERT INTO COURSE VALUES (104, 'AI');
INSERT INTO COURSE VALUES (105, 'ML');
INSERT INTO COURSE VALUES (106, 'SE');

INSERT INTO PROFESSOR VALUES (201, 'Dr. Sharma');
INSERT INTO PROFESSOR VALUES (202, 'Dr. Rao');
INSERT INTO PROFESSOR VALUES (203, 'Dr. Mehta');
INSERT INTO PROFESSOR VALUES (204, 'Dr. Singh');

INSERT INTO TEACHES VALUES (201, 101);
INSERT INTO TEACHES VALUES (201, 102);
INSERT INTO TEACHES VALUES (202, 103);
INSERT INTO TEACHES VALUES (202, 104);
INSERT INTO TEACHES VALUES (203, 105);
INSERT INTO TEACHES VALUES (204, 106);

INSERT INTO ENROLL VALUES (1, 101, 85);
INSERT INTO ENROLL VALUES (1, 102, 78);
INSERT INTO ENROLL VALUES (1, 103, 88);
INSERT INTO ENROLL VALUES (2, 101, 65);
INSERT INTO ENROLL VALUES (2, 104, 72);
INSERT INTO ENROLL VALUES (3, 101, 90);
INSERT INTO ENROLL VALUES (3, 102, 92);
INSERT INTO ENROLL VALUES (3, 105, 89);
INSERT INTO ENROLL VALUES (4, 103, 55);
INSERT INTO ENROLL VALUES (4, 106, 60);
INSERT INTO ENROLL VALUES (5, 101, 75);
INSERT INTO ENROLL VALUES (5, 104, 80);
INSERT INTO ENROLL VALUES (5, 105, 82);
INSERT INTO ENROLL VALUES (6, 102, 68);
INSERT INTO ENROLL VALUES (6, 103, 70);
INSERT INTO ENROLL VALUES (7, 106, 77);
INSERT INTO ENROLL VALUES (8, 101, 91);
INSERT INTO ENROLL VALUES (8, 102, 89);
INSERT INTO ENROLL VALUES (8, 103, 93);
INSERT INTO ENROLL VALUES (8, 104, 87);
INSERT INTO ENROLL VALUES (9, 104, 66);
INSERT INTO ENROLL VALUES (9, 105, 72);
INSERT INTO ENROLL VALUES (10, 106, 58);


-- Students enrolled in course DBMS AND course ML
SELECT DISTINCT S_ID FROM ENROLL E
WHERE EXISTS
    (SELECT * FROM ENROLL WHERE E.S_ID = S_ID AND C_ID = 101)
    AND EXISTS
    (SELECT * FROM ENROLL WHERE E.S_ID = S_ID AND C_ID = 105);

SELECT S_ID FROM ENROLL
WHERE C_ID IN (101, 105)
GROUP BY S_ID
HAVING COUNT(DISTINCT C_ID) = 2;


-- Students enrolled in course DBMS but NOT course ML

SELECT S_ID FROM ENROLL WHERE C_ID = 101
MINUS
SELECT S_ID FROM ENROLL WHERE C_ID = 105;

SELECT DISTINCT S_ID FROM ENROLL E
WHERE EXISTS
    (SELECT * FROM ENROLL WHERE E.S_ID = S_ID AND C_ID = 101)
    AND NOT EXISTS
    (SELECT * FROM ENROLL WHERE E.S_ID = S_ID AND C_ID = 105);


-- Students enrolled in ALL courses

SELECT S_ID FROM ENROLL
GROUP BY S_ID
HAVING COUNT(DISTINCT C_ID) = (SELECT COUNT(*) FROM COURSE);

-- Courses that have more than 3 students
SELECT C_ID FROM ENROLL
GROUP BY C_ID
HAVING COUNT(DISTINCT S_ID) > 3;

-- Students enrolled in exactly 2 courses

SELECT S_ID FROM ENROLL
GROUP BY S_ID
HAVING COUNT(DISTINCT C_ID) = 2;


-- Professors who teach ALL courses
SELECT P_ID FROM TEACHES
GROUP BY P_ID
HAVING COUNT(DISTINCT C_ID) = (SELECT COUNT(*) FROM COURSE);

-- Students who are not enrolled in any course

SELECT DISTINCT NAME FROM STUDENT S WHERE NOT EXISTS(
    SELECT * FROM ENROLL WHERE S.S_ID = S_ID
);

SELECT S_ID FROM STUDENT
MINUS
SELECT S_ID FROM ENROLL;

-- Courses taught by at least one professor
SELECT DISTINCT C_ID
FROM TEACHES;

-- Students who got marks > 80 in at least one course

SELECT DISTINCT S_ID FROM ENROLL
WHERE MARKS > 80;

-- Students who got marks > 80 in ALL their courses

SELECT S_ID FROM ENROLL
GROUP BY S_ID
HAVING MIN(MARKS) > 80;

-- Students who are enrolled in all courses taught by professor 203
SELECT S_ID FROM ENROLL
WHERE C_ID IN (
    SELECT C_ID FROM TEACHES WHERE P_ID = 203
)
GROUP BY S_ID
HAVING COUNT(DISTINCT C_ID) = (
    SELECT COUNT(*) FROM TEACHES WHERE P_ID = 203
);

-- Professors who teach only courses that student 10 is enrolled in
SELECT P_id
FROM TEACHES T
GROUP BY P_id
HAVING COUNT(DISTINCT C_id) = (
    SELECT COUNT(*)
    FROM TEACHES
    WHERE C_id IN (
        SELECT C_id FROM ENROLL WHERE S_id = 10
    )
    AND P_id = T.P_id
);

-- Students who have taken at least one course from every professor
