SET SERVEROUTPUT ON;

CREATE TABLE Department (
    DeptID INT PRIMARY KEY,
    DeptName VARCHAR(50)
);

CREATE TABLE Student (
    SID INT PRIMARY KEY,
    Name VARCHAR(50),
    DeptID INT,
    FOREIGN KEY (DeptID) REFERENCES Department(DeptID)
);

CREATE TABLE Instructor (
    IID INT PRIMARY KEY,
    Name VARCHAR(50),
    DeptID INT,
    FOREIGN KEY (DeptID) REFERENCES Department(DeptID)
);

CREATE TABLE Course (
    CID INT PRIMARY KEY,
    Title VARCHAR(50),
    Credits INT,
    DeptID INT,
    FOREIGN KEY (DeptID) REFERENCES Department(DeptID)
);

CREATE TABLE Enrollment (
    SID INT,
    CID INT,
    Grade CHAR(2),
    PRIMARY KEY (SID, CID),
    FOREIGN KEY (SID) REFERENCES Student(SID),
    FOREIGN KEY (CID) REFERENCES Course(CID)
);

CREATE TABLE Teaches (
    IID INT,
    CID INT,
    Semester VARCHAR(20),
    PRIMARY KEY (IID, CID, Semester),
    FOREIGN KEY (IID) REFERENCES Instructor(IID),
    FOREIGN KEY (CID) REFERENCES Course(CID)
);


INSERT INTO Department VALUES (1, 'CSE');
INSERT INTO Department VALUES (2, 'ECE');
INSERT INTO Department VALUES (3, 'MECH');

INSERT INTO Student VALUES (101, 'Riley', 1);
INSERT INTO Student VALUES (102, 'Arjun', 1);
INSERT INTO Student VALUES (103, 'Neha', 2);
INSERT INTO Student VALUES (104, 'Karan', 3);

INSERT INTO Instructor VALUES (201, 'Dr. Sharma', 1);
INSERT INTO Instructor VALUES (202, 'Dr. Rao', 2);
INSERT INTO Instructor VALUES (203, 'Dr. Mehta', 3);

INSERT INTO Course VALUES (301, 'DBMS', 4, 1);
INSERT INTO Course VALUES (302, 'Networks', 3, 1);
INSERT INTO Course VALUES (303, 'VLSI', 4, 2);
INSERT INTO Course VALUES (304, 'Thermodynamics', 3, 3);

INSERT INTO Enrollment VALUES (101, 301, 'A');
INSERT INTO Enrollment VALUES (101, 302, 'B');
INSERT INTO Enrollment VALUES (102, 301, 'A');
INSERT INTO Enrollment VALUES (103, 303, 'B');
INSERT INTO Enrollment VALUES (104, 304, 'C');

INSERT INTO Teaches VALUES (201, 301, 'Sem1');
INSERT INTO Teaches VALUES (201, 302, 'Sem2');
INSERT INTO Teaches VALUES (202, 303, 'Sem1');
INSERT INTO Teaches VALUES (203, 304, 'Sem2');


CREATE OR REPLACE PROCEDURE COUNT_STUDENTS
IS
    CURSOR C IS SELECT DISTINCT(DEPTID) FROM STUDENT;
    DEPT STUDENT.DEPTID%TYPE;
    NAME DEPARTMENT.DEPTNAME%TYPE;
    COUNTS NUMBER := 0;
BEGIN
    OPEN C;
    LOOP
        FETCH C INTO DEPT;
        EXIT WHEN C%NOTFOUND;

        SELECT COUNT(*) INTO COUNTS FROM STUDENT
        WHERE DEPTID = DEPT;

        SELECT DEPTNAME INTO NAME FROM DEPARTMENT
        WHERE DEPTID = DEPT;

        DBMS_OUTPUT.PUT_LINE(NAME || ' = ' || COUNTS);
    END LOOP;
    CLOSE C;
END;
/

BEGIN
    COUNT_STUDENTS();
END;
/


CREATE OR REPLACE PROCEDURE LIST_COURSES(ID IN INT)
IS
    CURSOR C IS SELECT CID FROM ENROLLMENT WHERE SID = ID;
    COURSEID ENROLLMENT.CID%TYPE;
    COURSENAME COURSE.TITLE%TYPE;
BEGIN
    OPEN C;
    LOOP
        FETCH C INTO COURSEID;
        EXIT WHEN C%NOTFOUND;

        SELECT TITLE INTO COURSENAME FROM COURSE
         WHERE CID = COURSEID;

         DBMS_OUTPUT.PUT_LINE(COURSENAME);

    END LOOP;

    CLOSE C;
END;
/

BEGIN
    LIST_COURSES(101);
END;
/

SELECT C.TITLE FROM STUDENT S
INNER JOIN ENROLLMENT E ON S.SID=E.SID
INNER JOIN COURSE C ON E.CID = C.CID
WHERE S.SID = 101;


CREATE OR REPLACE PROCEDURE INCREMENT_CREDIT(ID IN DEPARTMENT.DEPTID%TYPE)
IS
BEGIN
    UPDATE COURSE SET CREDITS = CREDITS + 1 WHERE DEPTID = ID;
END;
/

SELECT * FROM COURSE;

CREATE OR REPLACE TRIGGER AFTER_UPDATE_COURSE
AFTER UPDATE
ON COURSE
FOR EACH ROW
BEGIN
    IF :OLD.CID != :NEW.CID THEN
        DBMS_OUTPUT.PUT_LINE('CID: ' || :OLD.CID || ' -> ' || :NEW.CID);
    END IF;

    IF :OLD.TITLE != :NEW.TITLE THEN
        DBMS_OUTPUT.PUT_LINE('TITLE: ' || :OLD.TITLE || ' -> ' || :NEW.TITLE);
    END IF;

    IF :OLD.CREDITS != :NEW.CREDITS THEN
        DBMS_OUTPUT.PUT_LINE('CREDITS: ' || :OLD.CREDITS || ' -> ' || :NEW.CREDITS);
    END IF;

    IF :OLD.DEPTID != :NEW.DEPTID THEN
        DBMS_OUTPUT.PUT_LINE('DEPTID: ' || :OLD.DEPTID || ' -> ' || :NEW.DEPTID);
    END IF;
END;
/

BEGIN
    INCREMENT_CREDIT(1);
END;
/


CREATE OR REPLACE FUNCTION NO_OF_COURSES(ID IN STUDENT.SID%TYPE)
RETURN NUMBER
IS
    COUNTS NUMBER;
BEGIN
    SELECT COUNT(*) INTO COUNTS FROM ENROLLMENT
    WHERE SID = ID;

    RETURN COUNTS;
END;
/
DECLARE
    RES NUMBER;
BEGIN
    RES := NO_OF_COURSES(101);
    DBMS_OUTPUT.PUT_LINE('NUMBER OF COURSES TAKEN = ' || RES);
END;
/

CREATE OR REPLACE TRIGGER BEFORE_DELETE_STUDENT
BEFORE DELETE
ON STUDENT
FOR EACH ROW
DECLARE
    PRAGMA AUTONOMOUS_TRANSACTION;
    COUNTS NUMBER;
BEGIN
    SELECT COUNT(*) INTO COUNTS FROM STUDENT
    WHERE DEPTID = :OLD.DEPTID;

    IF COUNTS = 1 THEN
        RAISE_APPLICATION_ERROR(-20001, 'CANNOT DELETE LAST STUDENT IN A DEPT');
    END IF;
END;
/

SELECT * FROM STUDENT;
DELETE FROM STUDENT WHERE SID = 103;


DROP TABLE TEACHES CASCADE CONSTRAINTS;
DROP TABLE ENROLLMENT CASCADE CONSTRAINTS;
DROP TABLE COURSE CASCADE CONSTRAINTS;
DROP TABLE INSTRUCTOR CASCADE CONSTRAINTS;
DROP TABLE STUDENT CASCADE CONSTRAINTS;
DROP TABLE DEPARTMENT CASCADE CONSTRAINTS;